Код товара,Остаток
01065,0.0
024507,0.0
02323,0.0
02273,0.0
01484,0.0
01317,0.0
00800,0.0
023986,0.0
025317,0.0
01773,0.0
024980,0.0
01587,0.0
024438,0.0
01685,0.0
00781,0.0
01589,0.0
024635,0.0
02271,0.0
01555,0.0
01715,0.0
025278,0.0
02151,1.0
024585,0.0
025515,0.0
00872,0.0
01827,0.0
024804,0.0
01469,0.0
01572,0.0
01579,0.0
024594,0.0
00149,0.0
00801,0.0
00047,0.0
01592,0.0
00110,0.0
024073,0.0
00060,2.0
024589,0.0
00027,0.0
02048,0.0
024998,0.0
02011,0.0
02240,0.0
024982,0.0
025272,0.0
01063,0.0
024429,0.0
01632,0.0
01755,0.0
024588,0.0
01470,0.0
01779,0.0
01997,0.0
00331,0.0
01578,0.0
02101,4.0
01588,0.0
02327,0.0
00178,0.0
024807,0.0
024367,0.0
024224,0.0
024842,0.0
00782,0.0
02374,0.0
025423,0.0
024461,0.0
00686,0.0
024606,0.0
025476,0.0
024532,0.0
00311,0.0
01451,0.0
01714,0.0
024184,0.0
00092,0.0
01455,0.0
00053,0.0
024397,0.0
024976,1.0
01660,0.0
00032,0.0
024393,1.0
023985,0.0
024775,0.0
02143,0.0
01795,0.0
025294,0.0
024308,0.0
01657,0.0
023751,0.0
024791,0.0
024727,0.0
02324,0.0
01577,0.0
01573,0.0
02346,0.0
024979,0.0
01790,0.0
024788,0.0
024485,2.0
024974,1.0
024767,0.0
024157,0.0
01523,0.0
024142,0.0
023772,0.0
025296,0.0
02161,0.0
02005,0.0
023779,0.0
025424,0.0
023792,0.0
01650,0.0
023784,0.0
024803,0.0
02312,0.0
024981,0.0
023780,0.0
024927,0.0
01128,0.0
024068,0.0
023787,0.0
024928,0.0
024413,0.0
024636,0.0
023781,0.0
00320,0.0
023793,0.0
024543,0.0
023790,0.0
024066,0.0
01116,0.0
00234,0.0
023788,0.0
024603,0.0
024561,0.0
023823,0.0
023782,0.0
024808,0.0
023778,0.0
024399,0.0
01500,4.0
02187,0.0
023791,0.0
02188,0.0
00702,3.0
02189,0.0
024253,2.0
02190,0.0
00252,0.0
02192,0.0
023789,0.0
025517,0.0
023783,0.0
025477,0.0
024387,0.0
02185,0.0
576,0.0
024138,0.0
024918,0.0
01089,0.0
1148,0.0
02336,0.0
1216,0.0
01554,0.0
024840,0.0
01609,0.0
573,0.0
01461,0.0
660,0.0
01570,0.0
80,0.0
024309,0.0
76,1.0
01603,0.0
399,0.0
01659,0.0
690,0.0
024971,0.0
024962,0.0
01462,0.0
02344,0.0
01982,0.0
024481,0.0
01728,0.0
024051,0.0
024699,0.0
786,0.0
00790,0.0
637,0.0
01526,0.0
024359,0.0
01463,0.0
01519,0.0
025518,1.0
240,0.0
01729,0.0
44,0.0
023948,0.0
74,0.0
01189,0.0
152,0.0
024430,0.0
95,0.0
01464,0.0
21,0.0
01925,8.0
46,0.0
025107,0.0
785,0.0
02136,0.0
552,0.0
01633,0.0
189,0.0
024462,0.0
024013,0.0
01319,0.0
024041,0.0
024897,0.0
01599,2.0
02047,3.0
1154,0.0
024484,0.0
473,0.0
024533,0.0
366,0.0
023963,0.0
220,3.0
01996,0.0
230,7.0
01055,0.0
1213,0.0
01601,0.0
911,0.0
024394,0.0
01606,0.0
01730,0.0
02098,0.0
024049,0.0
1432,0.0
024876,0.0
875,1.0
024116,0.0
01793,0.0
01648,0.0
764,0.0
01459,0.0
024952,0.0
024186,0.0
02165,0.0
01467,0.0
1212,0.0
02299,0.0
024003,0.0
00111,0.0
024871,0.0
00109,0.0
024004,0.0
00036,0.0
024502,0.0
024895,0.0
024086,0.0
024493,0.0
02002,0.0
02289,1.0
024005,0.0
00224,0.0
024014,0.0
02339,0.0
42,0.0
02347,0.0
700,0.0
01649,0.0
024510,0.0
025000,0.0
02353,0.0
01075,0.0
024498,0.0
00231,0.0
025237,0.0
025434,0.0
025048,0.0
02102,0.0
025245,0.0
02170,0.0
025246,0.0
02328,0.0
023767,0.0
01598,0.0
024161,0.0
02311,2.0
025094,0.0
023774,0.0
025095,0.0
023775,0.0
025114,0.0
023768,0.0
025116,0.0
01520,0.0
025126,0.0
024410,0.0
025127,0.0
01746,0.0
025128,0.0
01346,0.0
025129,0.0
024841,0.0
025202,0.0
02291,0.0
025098,0.0
024101,0.0
024183,0.0
02218,0.0
025099,0.0
02254,0.0
024162,0.0
024052,0.0
025100,0.0
01502,0.0
025230,0.0
023827,0.0
00218,2.0
024482,0.0
023753,0.0
024425,0.0
01444,0.0
02284,0.0
023754,0.0
024922,0.0
023755,0.0
01889,0.0
02375,0.0
02269,0.0
00093,0.0
024605,0.0
00144,0.0
023835,0.0
025251,0.0
01594,0.0
025109,0.0
024055,0.0
025260,0.0
024856,0.0
024905,0.0
023813,0.0
02175,0.0
023807,0.0
02177,0.0
023987,0.0
02179,0.0
024260,0.0
02181,0.0
01454,0.0
02183,0.0
01628,0.0
024361,0.0
01575,0.0
01697,0.0
01313,0.0
024966,0.0
02314,0.0
024967,0.0
02331,0.0
024968,0.0
01005,0.0
02194,0.0
01355,0.0
01694,0.0
01630,0.0
02191,0.0
01745,0.0
02193,0.0
024150,0.0
02186,0.0
02100,0.0
024930,0.0
01902,0.0
024931,0.0
01584,0.0
024932,0.0
023810,0.0
01896,0.0
023814,0.0
024924,0.0
01850,0.0
024925,0.0
01576,0.0
024926,0.0
01456,0.0
01651,0.0
023836,0.0
025175,0.0
02332,0.0
025176,0.0
024398,0.0
025177,0.0
023808,0.0
025178,0.0
01656,0.0
025179,0.0
024501,0.0
025180,0.0
024499,0.0
02196,0.0
02355,0.0
024936,0.0
01600,0.0
02201,0.0
024853,0.0
024935,0.0
025511,0.0
025183,0.0
023811,0.0
025184,0.0
00617,0.0
025186,0.0
023834,0.0
025549,0.0
023815,0.0
024515,0.0
01748,0.0
024516,2.0
02295,0.0
024518,0.0
023992,0.0
024283,0.0
00141,0.0
02060,0.0
01568,0.0
025406,0.0
023806,0.0
024355,0.0
024531,0.0
01998,0.0
01468,0.0
024061,0.0
023809,0.0
024760,4.0
024613,0.0
024282,0.0
024508,0.0
02222,0.0
023812,0.0
024289,0.0
02345,0.0
024233,0.0
02290,0.0
01688,0.0
01935,0.0
024284,0.0
024137,0.0
024286,0.0
01782,0.0
01944,0.0
023989,0.0
024287,0.0
024460,0.0
01898,0.0
01784,0.0
024762,4.0
02166,0.0
024761,1.0
025514,0.0
024764,2.0
02296,0.0
024763,2.0
02294,0.0
023824,0.0
024160,0.0
01710,0.0
024562,0.0
025370,0.0
024159,0.0
025371,1.0
02293,0.0
02243,0.0
023933,0.0
02242,0.0
024538,0.0
01059,5.0
025508,0.0
00839,0.0
01636,0.0
025523,0.0
025509,0.0
024889,0.0
025510,0.0
01068,0.0
00045,0.0
01923,0.0
00121,0.0
025524,0.0
00133,0.0
024560,0.0
00079,6.0
025201,0.0
00103,0.0
024403,0.0
00131,0.0
01069,0.0
00143,0.0
025522,0.0
025505,0.0
00104,1.0
023953,4.0
024105,0.0
025507,0.0
025528,0.0
024106,0.0
00017,0.0
024890,0.0
024325,0.0
01166,0.0
025429,0.0
024340,0.0
00795,0.0
00857,0.0
024331,0.0
01677,0.0
01137,0.0
01602,0.0
01738,0.0
024609,0.0
01604,0.0
02258,0.0
01563,0.0
024999,0.0
00750,0.0
01627,0.0
02129,0.0
01673,0.0
01622,0.0
01450,0.0
00865,0.0
024596,0.0
02046,0.0
01675,0.0
025373,0.0
01525,0.0
01736,0.0
024794,1.0
01754,0.0
00751,0.0
00835,0.0
01798,0.0
00305,0.0
01070,0.0
02157,0.0
00441,0.0
024992,0.0
024638,2.0
024495,0.0
01138,10.0
024483,0.0
01676,0.0
024717,0.0
024875,0.0
01681,0.0
01616,0.0
01647,0.0
01894,0.0
00858,0.0
02300,0.0
01679,0.0
024610,0.0
02349,0.0
02261,0.0
01151,0.0
024365,0.0
024156,0.0
024592,0.0
01995,0.0
02260,0.0
01562,0.0
025519,1.0
01737,0.0
00989,1.0
01751,0.0
024154,0.0
01619,0.0
024691,0.0
01806,0.0
024069,0.0
02350,0.0
01678,0.0
025372,1.0
02220,0.0
01895,0.0
00841,0.0
024185,0.0
024031,0.0
024090,0.0
02288,10.0
024570,0.0
025525,0.0
01465,0.0
01680,0.0
024370,0.0
01686,11.0
024040,0.0
01907,0.0
01458,0.0
025004,0.0
00859,0.0
01717,0.0
024577,0.0
00847,0.0
01752,0.0
024155,0.0
01119,0.0
024607,0.0
024039,0.0
01034,0.0
01749,0.0
01682,0.0
024569,0.0
01753,0.0
00805,0.0
025526,0.0
01701,0.0
02206,0.0
01624,0.0
00137,0.0
02207,0.0
00860,0.0
02169,0.0
02208,0.0
01560,0.0
01926,0.0
02209,0.0
01067,0.0
01460,0.0
02210,0.0
025410,0.0
01608,0.0
02211,0.0
01621,2.0
01558,0.0
02212,0.0
025527,0.0
01750,0.0
02213,0.0
025336,0.0
01503,0.0
02214,0.0
01150,0.0
01658,0.0
02215,0.0
023844,0.0
01791,0.0
01007,0.0
024134,0.0
02272,0.0
02144,0.0
024135,0.0
024204,0.0
02146,0.0
024036,0.0
01524,0.0
024509,0.0
024038,0.0
01943,0.0
01008,0.0
024037,0.0
02357,0.0
01585,0.0
02239,0.0
01540,0.0
02147,0.0
023998,0.0
01999,0.0
00008,0.0
024032,0.0
024095,0.0
00120,0.0
023939,0.0
02012,0.0
02145,0.0
024140,0.0
023996,0.0
00206,0.0
024153,0.0
024190,0.0
02022,0.0
01781,0.0
1378,0.0
00203,0.0
024033,0.0
01792,0.0
02019,0.0
024012,0.0
01537,0.0
01631,0.0
024152,0.0
00300,0.0
01725,0.0
023940,0.0
01667,0.0
01480,0.0
024034,0.0
025212,0.0
02049,0.0
024117,0.0
024203,0.0
024059,0.0
023938,0.0
02292,0.0
025516,0.0
024130,0.0
02342,0.0
025325,0.0
024168,0.0
023994,0.0
024500,0.0
024170,0.0
02364,0.0
01885,0.0
024172,0.0
02277,0.0
01723,0.0
00943,0.0
01535,0.0
00214,0.0
024075,12.0
1083,0.0
00746,0.0
02330,0.0
024188,0.0
02017,0.0
024171,0.0
01611,0.0
024402,0.0
01809,0.0
02351,0.0
01521,0.0
024173,0.0
01489,0.0
02168,0.0
01477,0.0
00814,0.0
02137,0.0
01541,0.0
025513,0.0
024180,0.0
01490,0.0
023993,0.0
02062,0.0
024179,0.0
01295,0.0
023981,0.0
025002,0.0
024221,0.0
01528,0.0
023997,0.0
00197,0.0
024167,0.0
024581,0.0
024604,0.0
024985,0.0
024177,0.0
01582,0.0
1437,0.0
025289,2.0
01637,0.0
01951,0.0
01532,0.0
02010,0.0
024174,0.0
024582,0.0
01939,0.0
01556,2.0
024176,0.0
01423,0.0
024424,0.0
01048,0.0
01368,0.0
01248,0.0
024406,0.0
00752,0.0
02329,0.0
01300,0.0
02259,0.0
025472,0.0
024074,0.0
01741,0.0
024428,0.0
02348,0.0
01810,0.0
01252,0.0
01769,0.0
02003,0.0
024206,0.0
00845,0.0
02203,0.0
025473,0.0
024175,0.0
01250,0.0
01993,0.0
024433,0.0
01634,0.0
01294,0.0
01538,0.0
00803,0.0
01112,0.0
024576,0.0
024368,0.0
02026,0.0
024973,3.0
01826,0.0
01613,0.0
023828,0.0
024169,0.0
01251,0.0
024053,0.0
025326,0.0
024076,0.0
00892,0.0
02283,0.0
01646,0.0
01366,0.0
024583,0.0
023982,0.0
01727,0.0
024598,0.0
01113,0.0
02278,0.0
00774,0.0
024390,3.0
01733,0.0
1142,0.0
024854,0.0
024599,0.0
01732,0.0
01536,0.0
01720,0.0
01126,0.0
01816,0.0
02356,0.0
01607,0.0
025314,0.0
01411,0.0
024187,0.0
00205,0.0
024427,0.0
00893,0.0
02301,0.0
00198,0.0
02104,0.0
01395,0.0
403,0.0
01735,0.0
024845,0.0
00855,0.0
024307,0.0
02021,0.0
01095,0.0
01813,0.0
518,0.0
01478,0.0
023956,0.0
01863,0.0
01539,0.0
00285,0.0
00861,0.0
02262,0.0
01612,0.0
02020,0.0
023968,0.0
01865,0.0
02070,0.0
00195,0.0
023936,0.0
01864,0.0
024564,0.0
024816,0.0
023937,8.0
01818,0.0
024539,0.0
02338,0.0
024591,0.0
01812,0.0
024391,0.0
01757,0.0
023972,0.0
01819,0.0
023995,0.0
025474,0.0
023958,0.0
01861,0.0
741,0.0
02014,0.0
023969,6.0
01817,0.0
01534,0.0
00780,0.0
024910,0.0
01862,0.0
024158,0.0
00193,0.0
023964,0.0
01858,0.0
024205,0.0
01457,0.0
023970,0.0
01029,0.0
01531,0.0
02018,0.0
023965,0.0
00729,0.0
268,0.0
00748,0.0
00809,0.0
02263,0.0
01597,0.0
02027,0.0
023971,0.0
01002,0.0
02354,0.0
00775,0.0
00810,0.0
01663,0.0
01569,0.0
01452,0.0
023966,2.0
01664,0.0
01533,0.0
01448,0.0
024318,21.0
01734,0.0
023802,0.0
00196,0.0
024914,0.0
01665,0.0
023766,0.0
00788,0.0
00833,0.0
01739,0.0
025322,0.0
024984,0.0
023957,0.0
00925,0.0
025320,0.0
01418,0.0
023967,0.0
00649,0.0
00157,0.0
01427,0.0
023935,0.0
01803,0.0
00550,0.0
01724,0.0
024092,0.0
01338,0.0
00915,0.0
01479,0.0
024067,0.0
00717,0.0
01022,0.0
00069,0.0
01821,0.0
00646,0.0
00997,0.0
023819,2.0
01825,0.0
01445,0.0
025321,0.0
00211,0.0
02245,0.0
01801,0.0
025323,0.0
02360,0.0
02221,0.0
024208,0.0
00998,0.0
025327,0.0
02061,0.0
024223,0.0
00999,0.0
01726,0.0
01507,0.0
00714,0.0
00549,0.0
025003,0.0
01442,0.0
01804,0.0
024491,0.0
01429,0.0
023756,0.0
00720,0.0
00548,0.0
024060,0.0
024215,0.0
00647,0.0
024279,0.0
01419,0.0
02115,0.0
00696,0.0
01066,0.0
02016,0.0
023826,0.0
00715,0.0
024277,0.0
023980,0.0
00850,0.0
01802,0.0
024280,0.0
00191,0.0
023825,0.0
01439,0.0
01035,0.0
025471,0.0
00978,0.0
02268,0.0
024488,0.0
024337,0.0
024843,0.0
00716,0.0
024275,0.0
00504,0.0
024623,0.0
01805,0.0
024306,0.0
01876,0.0
00969,0.0
01800,0.0
01543,0.0
02015,0.0
024754,0.0
00648,0.0
01542,0.0
01721,0.0
024639,0.0
024527,0.0
024827,0.0
01453,0.0
025277,0.0
00719,0.0
01545,0.0
00485,0.0
024911,0.0
02113,0.0
024274,0.0
024058,0.0
024913,0.0
01172,0.0
00235,0.0
01719,0.0
024627,0.0
01178,0.0
00539,0.0
00217,0.0
024907,0.0
024219,0.0
01036,0.0
024602,0.0
023942,0.0
024207,0.0
024276,0.0
025139,0.0
024628,0.0
024056,0.0
00236,0.0
01428,0.0
024912,0.0
00667,0.0
01742,0.0
024701,0.0
024641,0.0
01416,0.0
024969,0.0
024766,0.0
023943,0.0
024220,0.0
01546,0.0
02167,0.0
024906,0.0
001232,0.0
00490,0.0
02335,0.0
024622,0.0
024218,0.0
024278,0.0
024792,2.0
023744,0.0
024217,0.0
00542,0.0
025142,0.0
024908,0.0
00644,0.0
00547,0.0
025475,0.0
024630,0.0
024350,0.0
00064,2.0
01722,0.0
024615,0.0
024346,0.0
01574,0.0
01794,0.0
01692,0.0
024356,0.0
01544,0.0
025203,2.0
01156,0.0
024342,0.0
025276,0.0
024793,2.0
024621,4.0
024352,0.0
024997,0.0
01908,0.0
024616,0.0
024351,0.0
024291,0.0
01449,0.0
024619,0.0
024343,0.0
024546,0.0
025204,8.0
024751,0.0
024349,0.0
02174,0.0
024423,0.0
024631,0.0
024347,0.0
02176,0.0
024409,0.0
01057,0.0
024345,0.0
02178,0.0
02197,0.0
023941,0.0
024341,0.0
024648,0.0
02198,0.0
024642,0.0
024353,0.0
02180,0.0
02199,0.0
024626,0.0
024344,0.0
02182,0.0
02200,0.0
024744,0.0
01012,0.0
024549,0.0
02195,0.0
024629,0.0
024348,0.0
02184,0.0
025300,0.0
01854,3.0
024354,0.0
024647,0.0
025302,0.0
01852,15.0
024230,0.0
02173,0.0
025305,0.0
01853,0.0
024211,0.0
00994,0.0
025301,0.0
02171,0.0
024044,0.0
01547,0.0
00108,0.0
01580,1.0
01761,0.0
01015,0.0
025303,0.0
01820,0.0
024231,0.0
01016,0.0
024545,0.0
024295,0.0
01765,33.0
023820,0.0
024646,0.0
01822,0.0
01767,223.0
024386,0.0
025488,0.0
01823,0.0
01763,0.0
024909,0.0
02361,0.0
01759,0.0
024047,0.0
02250,0.0
024213,0.0
00312,0.0
023798,0.0
024210,0.0
01483,0.0
02316,0.0
024405,0.0
024420,0.0
023796,0.0
00944,0.0
024805,0.0
02325,0.0
024079,1.0
024789,0.0
024198,0.0
01258,29.0
02050,0.0
024200,0.0
01758,89.0
024983,0.0
01642,4.0
024083,0.0
024929,0.0
024145,0.0
01768,1.0
02322,0.0
024768,0.0
01762,0.0
02256,0.0
00379,0.0
01764,0.0
024977,0.0
024384,0.0
01760,4.0
024595,0.0
024503,0.0
024212,0.0
00996,0.0
02365,0.0
024229,0.0
023822,0.0
023794,0.0
01766,0.0
01061,0.0
02251,0.0
024214,0.0
024431,0.0
024311,1.0
024077,48.0
024305,0.0
01643,4.0
01512,0.0
01064,0.0
024197,0.0
024504,0.0
01635,0.0
02270,0.0
00789,0.0
01472,0.0
02363,0.0
01009,0.0
025295,0.0
023800,0.0
01807,0.0
02326,0.0
023804,0.0
01511,0.0
02319,0.0
024147,0.0
01510,0.0
024801,0.0
01590,2.0
01173,0.0
024806,0.0
024148,0.0
024357,53.0
01867,0.0
02252,0.0
01514,1.0
024809,0.0
023797,0.0
01808,0.0
00799,0.0
024199,0.0
02114,12.0
025388,0.0
02275,0.0
01518,0.0
024266,0.0
024385,0.0
01515,42.0
024505,0.0
024312,0.0
024232,0.0
01857,0.0
00701,0.0
023763,0.0
01296,0.0
023771,0.0
023764,0.0
01684,0.0
02358,0.0
023758,0.0
024573,0.0
02367,0.0
024529,0.0
01595,0.0
02247,0.0
023765,0.0
024584,0.0
024201,0.0
02380,0.0
00308,0.0
024389,0.0
024520,1.0
024975,0.0
023799,0.0
023759,0.0
01884,0.0
02248,0.0
024525,0.0
01747,0.0
02366,0.0
023769,0.0
02043,0.0
024149,0.0
024521,0.0
02028,0.0
024421,0.0
023760,0.0
024810,0.0
023795,0.0
023757,0.0
024978,0.0
025550,0.0
024526,0.0
01829,0.0
024146,0.0
024601,1.0
024587,0.0
024196,0.0
024524,1.0
01037,0.0
02276,0.0
024528,0.0
024818,0.0
02249,0.0
024522,0.0
01882,0.0
023803,0.0
024107,0.0
024790,0.0
023805,0.0
024523,1.0
024802,0.0
02321,0.0
023761,1.0
025292,0.0
024422,0.0
023762,0.0
024586,0.0
02318,0.0
024600,0.0
024141,0.0
02274,0.0
023770,0.0
024593,0.0
025512,0.0
025501,0.0
024637,0.0
02103,0.0
025506,0.0
02320,0.0
01756,0.0
025504,0.0
025213,0.0
00179,6.0
024530,0.0
024506,0.0
01586,0.0
01149,0.0
01847,0.0
03497,0.0
00411,0.0
04108,0.0
02259,0.0
02754,0.0
01937,0.0
03577,0.0
00970,0.0
01150,0.0
00583,0.0
03092,0.0
02220,0.0
04109,0.0
02260,0.0
02755,1.0
01938,0.0
03588,0.0
00963,0.0
01151,0.0
00584,0.0
03093,0.0
04716,0.0
04110,0.0
02261,0.0
02756,0.0
00159,0.0
03589,0.0
00964,0.0
00926,0.0
01030,0.0
03094,0.0
04717,1.0
04748,0.0
02262,0.0
02757,0.0
00160,4.0
03590,0.0
01482,0.0
01031,0.0
02398,0.0
04718,0.0
02641,0.0
00657,0.0
01593,0.0
00161,0.0
03591,0.0
01483,0.0
01032,0.0
02399,0.0
04719,0.0
02642,0.0
00658,0.0
01594,0.0
00162,0.0
03592,0.0
01484,0.0
02531,0.0
02400,0.0
03598,0.0
02643,0.0
02453,0.0
01595,3.0
00163,0.0
03558,2.0
00544,0.0
02532,0.0
02401,0.0
03599,0.0
02644,0.0
02454,0.0
01596,0.0
00164,1.0
03559,2.0
00545,0.0
02533,0.0
00250,0.0
03600,0.0
04659,0.0
02455,0.0
01429,0.0
01939,0.0
03560,1.0
00542,0.0
02534,0.0
01376,0.0
03601,0.0
02594,0.0
04009,0.0
02064,0.0
01940,0.0
03561,0.0
00543,0.0
01046,0.0
01377,0.0
00659,0.0
02595,0.0
04010,0.0
02065,0.0
01941,0.0
03562,0.0
00349,0.0
01047,0.0
01378,0.0
00660,0.0
02596,0.0
04011,0.0
02066,0.0
01942,0.0
03543,0.0
01146,0.0
02390,0.0
00571,0.0
04703,0.0
02597,0.0
04012,0.0
02067,0.0
01943,0.0
03544,0.0
01147,0.0
02391,0.0
00572,0.0
04704,0.0
04407,0.0
02104,0.0
02072,0.0
01944,0.0
03545,0.0
01148,0.0
02392,0.0
02646,0.0
04705,0.0
04408,0.0
02105,1.0
02073,1.0
01945,0.0
03546,0.0
04927,0.0
02393,0.0
02647,0.0
04706,0.0
04409,0.0
02106,0.0
02074,0.0
01946,0.0
03547,0.0
04928,2.0
02747,0.0
02648,0.0
03661,0.0
04410,0.0
02107,0.0
02075,0.0
01947,0.0
02290,0.0
04929,0.0
02748,0.0
02645,0.0
03662,0.0
04411,0.0
02080,0.0
01709,0.0
01948,0.0
02291,0.0
04930,0.0
02749,0.0
02786,0.0
03663,0.0
04690,0.0
02081,0.0
01706,0.0
01949,0.0
02292,0.0
00548,3.0
02750,0.0
02787,0.0
03664,0.0
04691,0.0
02082,0.0
01707,0.0
01950,0.0
03617,0.0
00549,0.0
01848,0.0
02788,0.0
00443,0.0
04692,0.0
02083,0.0
01708,1.0
01922,0.0
03618,0.0
01485,0.0
01849,0.0
02789,0.0
00442,0.0
04693,0.0
02374,0.0
03145,0.0
01923,0.0
03619,0.0
01486,0.0
01850,0.0
01346,0.0
04677,0.0
04549,0.0
02375,0.0
03142,0.0
01924,1.0
03620,0.0
01487,0.0
00252,0.0
01347,6.0
02584,0.0
04550,0.0
02376,0.0
03143,0.0
01925,0.0
03621,0.0
00928,0.0
00902,0.0
00565,0.0
02585,0.0
04551,0.0
02377,0.0
03144,0.0
00127,0.0
03568,1.0
01114,0.0
00903,0.0
01348,0.0
02586,1.0
04552,0.0
02876,0.0
01694,0.0
00124,0.0
03569,1.0
01115,0.0
00577,0.0
00240,0.0
04111,0.0
04598,0.0
02877,0.0
01695,0.0
02267,0.0
03570,0.0
01116,0.0
01370,0.0
01364,0.0
04112,0.0
04599,0.0
02878,0.0
01696,1.0
02268,0.0
03571,0.0
01117,0.0
01371,0.0
01365,0.0
04113,0.0
04600,0.0
00260,0.0
01697,0.0
02269,0.0
03572,0.0
00552,3.0
01372,0.0
01366,0.0
04731,0.0
04601,0.0
00291,0.0
01582,0.0
04336,0.0
00942,0.0
00553,0.0
00242,0.0
00663,0.0
00996,0.0
00730,0.0
00694,0.0
01583,0.0
04198,0.0
00943,0.0
00550,0.0
01373,0.0
00664,0.0
02227,0.0
00731,0.0
00695,0.0
01584,0.0
04337,0.0
00941,0.0
00551,0.0
01374,0.0
01834,0.0
02228,0.0
03924,1.0
00619,0.0
01585,0.0
04034,0.0
03552,0.0
02751,0.0
01375,0.0
01835,0.0
02229,0.0
03925,0.0
00620,0.0
04840,0.0
04035,0.0
03548,0.0
02752,0.0
00749,0.0
01836,0.0
00845,0.0
03926,0.0
00305,0.0
04841,1.0
04036,0.0
03549,0.0
02753,0.0
00750,0.0
01837,0.0
04699,0.0
03927,0.0
00234,0.0
04842,0.0
04037,0.0
03550,0.0
02868,0.0
04245,0.0
00607,0.0
00846,0.0
04728,0.0
01686,0.0
04843,0.0
01292,0.0
03551,0.0
02869,0.0
04246,0.0
00608,0.0
04700,0.0
04129,0.0
01687,0.0
04844,0.0
01294,0.0
03607,0.0
02870,0.0
04247,0.0
00570,0.0
04701,0.0
04130,0.0
01688,0.0
01103,0.0
01296,0.0
03608,1.0
02871,0.0
02778,0.0
00569,0.0
04702,0.0
04131,0.0
01689,0.0
01104,0.0
01298,0.0
03609,0.0
01959,0.0
02779,0.0
02060,0.0
04695,0.0
04076,18.0
01758,0.0
01105,0.0
01300,0.0
03610,0.0
01960,0.0
02780,0.0
02061,0.0
04696,0.0
04077,32.0
01759,0.0
00857,0.0
04196,0.0
03611,0.0
01954,0.0
02781,0.0
02062,0.0
04697,0.0
04078,0.0
01760,0.0
01394,0.0
00775,4.0
03583,0.0
03285,0.0
01641,0.0
02063,0.0
04698,0.0
04079,0.0
01761,0.0
01395,0.0
04098,0.0
03584,1.0
01961,0.0
01642,0.0
01962,0.0
04585,0.0
04080,0.0
00302,0.0
01396,0.0
04099,0.0
03585,0.0
01952,0.0
01643,0.0
04457,0.0
04586,0.0
04730,0.0
00231,0.0
00628,0.0
04100,0.0
03586,0.0
03276,0.0
01644,0.0
04458,0.0
04587,0.0
02492,0.0
00303,0.0
01382,0.0
01311,0.0
03587,0.0
01955,0.0
01789,0.0
04459,0.0
04588,0.0
02493,0.0
00232,0.0
01383,2.0
00772,0.0
02293,0.0
03281,0.0
01790,0.0
04460,0.0
01082,0.0
02494,0.0
00716,0.0
01384,0.0
01308,0.0
02294,0.0
01965,1.0
01791,0.0
04461,0.0
01083,0.0
02495,0.0
00717,0.0
00641,0.0
01310,0.0
02295,0.0
03277,0.0
02540,0.0
04448,0.0
03952,0.0
04081,0.0
00893,0.0
00642,0.0
01303,0.0
03553,1.0
01956,0.0
02541,0.0
04449,23.0
03953,0.0
04082,0.0
00894,0.0
03247,0.0
04091,0.0
03554,2.0
01953,0.0
02542,0.0
04450,10.0
03954,0.0
04083,0.0
02622,0.0
03248,0.0
04092,0.0
03555,0.0
03282,0.0
02543,0.0
04451,3.0
03955,0.0
04084,0.0
02623,0.0
03249,0.0
04093,0.0
03556,0.0
03738,0.0
01874,0.0
02143,0.0
04733,0.0
04085,0.0
02624,0.0
03250,0.0
01312,0.0
03557,0.0
03280,0.0
01875,0.0
04910,0.0
04120,0.0
03778,7.0
02625,0.0
01576,0.0
04072,0.0
03593,0.0
03284,0.0
01876,0.0
00452,0.0
04121,0.0
03779,8.0
01094,0.0
01577,0.0
04073,0.0
03594,0.0
03278,0.0
01877,0.0
00453,0.0
04122,0.0
03780,0.0
01095,0.0
01578,0.0
04074,0.0
03595,0.0
02550,0.0
01597,0.0
02141,0.0
04630,0.0
03781,0.0
01096,0.0
00524,0.0
01313,1.0
03596,0.0
03279,0.0
01598,0.0
02142,0.0
04631,0.0
03782,0.0
04148,0.0
01579,0.0
04222,0.0
03597,0.0
01957,0.0
01599,0.0
00486,0.0
04632,0.0
00408,0.0
01781,1.0
01580,0.0
04223,0.0
02287,0.0
01958,0.0
01600,0.0
04913,0.0
04633,0.0
00409,0.0
01782,0.0
01581,0.0
04224,0.0
02288,0.0
03737,0.0
00573,0.0
00487,0.0
03675,0.0
04560,0.0
01783,0.0
02370,0.0
04225,0.0
02289,0.0
01966,0.0
02123,0.0
03181,0.0
00300,0.0
01930,1.0
01334,0.0
02371,0.0
04226,0.0
03612,0.0
04786,0.0
02124,0.0
03182,0.0
02255,0.0
01931,0.0
01335,0.0
02372,0.0
04227,0.0
03613,0.0
04787,0.0
02125,0.0
03183,0.0
02256,0.0
01932,0.0
00337,0.0
02373,0.0
01315,0.0
03614,0.0
04788,0.0
00460,0.0
00510,0.0
02257,0.0
00157,0.0
00338,0.0
00885,0.0
04097,0.0
03615,0.0
04789,0.0
00461,0.0
00511,0.0
02258,0.0
00155,2.0
01156,0.0
00886,0.0
04195,0.0
03616,0.0
04790,8.0
00494,0.0
04030,0.0
02112,0.0
04807,0.0
01157,2.0
01389,0.0
04096,0.0
02657,0.0
04801,0.0
00495,0.0
04031,0.0
02113,0.0
04808,0.0
01158,0.0
01390,0.0
04228,0.0
02658,0.0
04802,0.0
02135,0.0
04032,0.0
02114,0.0
04809,0.0
01159,0.0
00643,0.0
04229,0.0
02659,0.0
04803,0.0
02136,0.0
04033,0.0
02115,0.0
04810,0.0
01164,0.0
01388,0.0
04230,0.0
02660,0.0
04804,0.0
02137,0.0
01523,0.0
00847,0.0
00118,0.0
01165,1.0
02939,0.0
04916,0.0
02665,0.0
04805,18.0
00488,0.0
01524,0.0
00848,0.0
02273,6.0
01166,0.0
02940,0.0
04917,0.0
02666,0.0
04791,0.0
00489,0.0
01525,0.0
01666,0.0
02274,1.0
01167,0.0
02941,0.0
04918,0.0
02667,0.0
04792,0.0
02129,0.0
01526,0.0
01667,0.0
02275,0.0
03255,0.0
02942,0.0
04919,0.0
02668,0.0
04793,0.0
02130,0.0
03193,0.0
01668,0.0
00117,0.0
03256,0.0
01397,0.0
04920,1.0
02673,0.0
04794,0.0
02131,0.0
03194,0.0
01669,0.0
02270,0.0
03257,0.0
01398,0.0
03273,0.0
02674,0.0
04795,18.0
04914,0.0
03195,0.0
02386,0.0
02271,0.0
03258,0.0
01399,0.0
04075,0.0
02675,0.0
03286,0.0
04452,0.0
03295,0.0
02387,0.0
02272,0.0
01172,6.0
00647,0.0
04383,0.0
02676,0.0
04796,0.0
04453,1.0
03296,0.0
02388,0.0
00122,0.0
01173,0.0
01571,0.0
03263,0.0
02704,0.0
04797,0.0
04454,0.0
03297,0.0
02389,0.0
00649,0.0
01174,0.0
00783,0.0
03264,0.0
02705,0.0
04798,0.0
04455,0.0
03298,0.0
00230,0.0
00121,0.0
00335,0.0
01257,0.0
03265,2.0
02706,0.0
04799,0.0
04456,0.0
02326,0.0
01379,0.0
04815,0.0
01175,0.0
01385,0.0
03043,0.0
02524,0.0
04800,8.0
04462,0.0
01021,0.0
01380,0.0
04816,0.0
01176,0.0
01386,0.0
03044,9.0
02507,0.0
02548,0.0
04463,0.0
01022,0.0
01381,0.0
04817,0.0
01177,0.0
01387,1.0
03045,3.0
02508,0.0
02549,0.0
04464,0.0
01023,0.0
01830,0.0
04818,0.0
00835,0.0
04855,0.0
04382,0.0
02509,0.0
02951,0.0
04465,0.0
00515,0.0
01831,0.0
04819,2.0
01168,0.0
04856,1.0
04385,0.0
02510,0.0
02952,0.0
04466,0.0
00514,0.0
01832,0.0
03106,0.0
01169,3.0
04857,0.0
04386,0.0
01746,0.0
02953,0.0
00492,0.0
00672,0.0
01833,0.0
03107,0.0
01170,0.0
04858,0.0
04387,0.0
01747,0.0
02954,1.0
00493,0.0
01514,0.0
02076,0.0
03108,0.0
01171,0.0
04859,0.0
04388,0.0
01748,0.0
02959,0.0
02132,0.0
01515,0.0
02077,0.0
04056,1.0
01178,0.0
00948,0.0
04525,0.0
01749,0.0
02960,0.0
02133,0.0
01516,0.0
02078,0.0
00396,0.0
01179,0.0
00949,0.0
04526,1.0
02669,0.0
02961,0.0
02134,0.0
03098,0.0
02079,0.0
00397,0.0
00356,0.0
00950,0.0
04527,0.0
02670,0.0
02962,2.0
04915,0.0
03099,0.0
03287,0.0
00347,0.0
01180,0.0
00284,1.0
04528,0.0
02671,0.0
02955,0.0
02138,0.0
03100,0.0
03288,0.0
00348,0.0
00357,0.0
00631,0.0
04529,0.0
02672,0.0
02956,0.0
02139,0.0
00814,0.0
03289,0.0
01446,0.0
00339,0.0
00632,0.0
03059,0.0
00930,0.0
02957,0.0
02140,0.0
00816,0.0
03290,0.0
00343,0.0
00340,0.0
00526,0.0
03060,1.0
00931,0.0
02958,1.0
04911,0.0
02440,0.0
00296,0.0
01447,0.0
01160,0.0
02599,1.0
03061,0.0
02677,0.0
00674,0.0
00478,0.0
02441,0.0
00283,0.0
01448,0.0
01161,4.0
02600,0.0
03062,0.0
02678,0.0
01543,0.0
00479,0.0
02442,0.0
02088,0.0
00757,0.0
01162,0.0
02601,0.0
04498,0.0
02679,0.0
01544,0.0
00482,0.0
02443,0.0
02089,0.0
01479,0.0
01163,0.0
00516,0.0
01027,0.0
02680,0.0
01545,0.0
00483,0.0
04003,0.0
02090,0.0
01480,0.0
00368,0.0
00517,0.0
01028,0.0
00150,0.0
02640,0.0
02120,0.0
04004,0.0
02091,0.0
01481,0.0
00369,0.0
00518,0.0
01029,0.0
02707,0.0
00678,0.0
02121,0.0
04005,1.0
03997,0.0
03508,1.0
01075,0.0
00519,0.0
04384,0.0
02708,0.0
00679,0.0
04912,0.0
04006,0.0
03251,0.0
00831,0.0
01076,0.0
00629,0.0
02480,0.0
02709,0.0
02638,0.0
02122,0.0
04007,0.0
03252,0.0
00832,0.0
01077,0.0
00630,0.0
02481,0.0
02710,0.0
02639,0.0
03685,0.0
02551,0.0
03253,0.0
03505,0.0
00313,0.0
00520,0.0
02482,0.0
03691,0.0
04159,0.0
03202,0.0
02552,0.0
03254,0.0
03506,0.0
00314,0.0
00521,0.0
02483,0.0
02700,0.0
04160,1.0
03203,0.0
02553,0.0
02100,0.0
03507,0.0
01066,0.0
04154,0.0
04499,0.0
02701,0.0
04161,0.0
03204,0.0
02554,0.0
02101,0.0
01464,0.0
01067,0.0
04155,1.0
03842,0.0
02702,0.0
04162,0.0
03205,0.0
00726,0.0
02102,0.0
01465,0.0
01068,0.0
04156,0.0
03843,0.0
02703,0.0
04163,0.0
00484,0.0
00727,0.0
02103,0.0
01466,0.0
00697,0.0
04157,0.0
03844,0.0
02842,0.0
01542,0.0
00485,0.0
01520,0.0
01851,0.0
01467,0.0
00698,0.0
04158,0.0
03845,0.0
02843,0.0
01539,0.0
02126,0.0
01521,0.0
01852,0.0
00400,0.0
00804,0.0
01424,0.0
04505,2.0
02844,0.0
01540,0.0
02127,0.0
01522,0.0
01853,0.0
00401,0.0
00805,0.0
01425,0.0
03080,7.0
02845,0.0
01541,0.0
02128,0.0
00266,0.0
01854,0.0
00751,0.0
01245,0.0
01426,0.0
03081,33.0
02653,0.0
00256,0.0
04909,0.0
02718,0.0
01633,0.0
00752,0.0
01246,0.0
01422,0.0
03082,26.0
02654,0.0
00257,0.0
02905,0.0
02719,0.0
01634,0.0
01455,0.0
01247,0.0
04345,0.0
03083,0.0
02655,0.0
01084,0.0
02906,0.0
02720,0.0
01635,0.0
01456,0.0
00380,0.0
04346,0.0
04393,0.0
02656,0.0
01553,0.0
02907,0.0
01674,0.0
01636,0.0
01457,0.0
01208,0.0
04347,0.0
04394,0.0
02696,0.0
01554,0.0
02908,0.0
01675,0.0
01662,0.0
01449,0.0
01209,0.0
04348,0.0
04395,0.0
02697,0.0
01555,0.0
00466,0.0
01676,0.0
01663,0.0
01450,0.0
01210,0.0
04349,0.0
04396,0.0
02698,0.0
00555,0.0
00467,0.0
01677,0.0
01664,0.0
00345,0.0
01086,0.0
03161,0.0
03051,0.0
02699,0.0
00855,0.0
02897,0.0
00615,0.0
01665,0.0
00346,0.0
01190,0.0
03162,0.0
03052,0.0
00724,0.0
00908,0.0
02898,0.0
00616,0.0
02569,0.0
01451,0.0
01191,0.0
03163,0.0
03053,4.0
00725,0.0
00822,0.0
00909,0.0
03676,1.0
00439,0.0
02570,0.0
03878,1.0
00319,0.0
01391,0.0
03054,0.0
02684,0.0
00819,0.0
01258,0.0
03677,0.0
04668,0.0
02571,0.0
01462,2.0
00320,0.0
01392,0.0
04503,0.0
02685,0.0
00820,0.0
01259,0.0
03678,0.0
03928,0.0
02572,0.0
01463,0.0
01248,0.0
01393,0.0
04501,0.0
02686,0.0
00705,0.0
01260,0.0
03679,0.0
03929,0.0
00895,0.0
00753,0.0
01249,0.0
00856,0.0
02882,0.0
02687,0.0
02535,0.0
01261,0.0
00444,0.0
03930,0.0
01827,0.0
04238,1.0
01250,0.0
00298,0.0
02883,1.0
02692,0.0
00707,0.0
03788,0.0
00445,0.0
03931,0.0
01828,0.0
01461,0.0
02476,0.0
00285,0.0
02884,1.0
02693,0.0
00706,0.0
03789,0.0
03956,1.0
02205,0.0
01829,0.0
02429,0.0
02477,0.0
01024,0.0
02885,0.0
02694,0.0
00818,0.0
03790,0.0
03957,0.0
02206,0.0
00890,0.0
02430,0.0
02478,0.0
01025,0.0
04378,0.0
02695,0.0
04374,0.0
03791,0.0
03958,0.0
02207,0.0
02382,0.0
02431,0.0
02479,0.0
01026,0.0
04379,0.0
00123,0.0
04375,0.0
03190,0.0
03959,0.0
00609,0.0
02383,0.0
00827,0.0
00327,0.0
00625,0.0
04380,0.0
01742,0.0
04376,0.0
03191,0.0
04581,0.0
00610,0.0
02384,0.0
00398,0.0
00328,0.0
00626,0.0
04381,0.0
01743,0.0
04377,1.0
03192,0.0
04582,0.0
04749,0.0
02385,0.0
00399,0.0
01057,0.0
00645,0.0
03063,0.0
01744,0.0
00987,0.0
03998,0.0
04583,0.0
03709,37.0
03175,0.0
01436,0.0
01058,0.0
00646,0.0
03064,0.0
01745,0.0
00988,0.0
03999,0.0
04584,0.0
03710,32.0
03176,0.0
01437,0.0
01059,0.0
01400,0.0
03065,1.0
02500,0.0
00989,0.0
04000,0.0
03895,0.0
03711,0.0
03177,0.0
01438,0.0
02354,0.0
01401,0.0
03066,0.0
02501,0.0
00990,0.0
04001,0.0
03896,0.0
03712,0.0
00896,0.0
00392,0.0
02355,0.0
01402,0.0
04500,0.0
02502,0.0
01496,0.0
04002,0.0
03897,0.0
03713,0.0
00897,0.0
00402,0.0
02356,0.0
00522,0.0
03275,0.0
02503,0.0
01497,0.0
00722,0.0
03898,0.0
04641,0.0
01266,0.0
00403,1.0
02357,0.0
00523,0.0
03047,0.0
00932,0.0
01498,0.0
00723,0.0
03920,2.0
02181,0.0
01267,0.0
01443,0.0
00353,0.0
03029,0.0
03048,7.0
00933,0.0
01499,0.0
01678,0.0
03921,0.0
02182,0.0
01268,0.0
01444,4.0
01220,0.0
03030,1.0
03049,13.0
02681,0.0
00993,0.0
01679,0.0
03922,0.0
02183,1.0
01269,0.0
01445,0.0
01221,0.0
03031,0.0
03050,0.0
02682,0.0
00994,0.0
01680,0.0
03923,0.0
00434,0.0
04854,0.0
03210,0.0
01222,0.0
03973,0.0
04389,0.0
02683,0.0
00979,0.0
01681,0.0
04571,0.0
00435,0.0
04850,0.0
03211,0.0
04754,2.0
03974,0.0
04390,0.0
02790,0.0
00980,0.0
01803,0.0
04572,0.0
04594,0.0
04851,2.0
03212,0.0
04755,0.0
03975,0.0
04391,0.0
02791,0.0
00991,0.0
01804,0.0
04573,0.0
04595,0.0
04852,0.0
03213,0.0
04756,0.0
03976,0.0
04392,0.0
02792,0.0
00992,0.0
01805,0.0
04574,0.0
04596,0.0
04853,0.0
04413,0.0
04217,0.0
01918,0.0
03055,0.0
02793,0.0
00977,0.0
01806,0.0
03670,0.0
04597,0.0
01673,0.0
04414,0.0
04218,0.0
01919,0.0
03056,9.0
02688,0.0
00978,0.0
03026,0.0
03671,3.0
00655,0.0
01670,0.0
04415,0.0
04219,0.0
01920,0.0
03057,2.0
02689,0.0
00961,0.0
03027,0.0
03672,0.0
00656,0.0
01671,0.0
00755,0.0
04220,0.0
01921,0.0
03058,0.0
02690,0.0
00962,0.0
03028,0.0
03673,0.0
04648,0.0
01672,0.0
00756,0.0
04221,0.0
03178,0.0
04502,4.0
02691,0.0
00965,0.0
01018,0.0
03674,0.0
02496,0.0
01661,0.0
04412,0.0
01041,0.0
03179,0.0
01734,0.0
00720,0.0
00966,0.0
01019,0.0
02590,0.0
02497,0.0
02650,0.0
00765,0.0
01042,0.0
03180,0.0
01735,0.0
00721,0.0
00981,0.0
01020,0.0
02591,0.0
02498,0.0
03518,0.0
01468,0.0
01043,0.0
03755,0.0
01736,0.0
00152,0.0
00982,0.0
04871,0.0
02592,0.0
02499,0.0
02649,0.0
01469,2.0
04760,8.0
03756,0.0
01737,0.0
04467,1.0
00985,0.0
04872,0.0
02593,1.0
03686,0.0
01660,0.0
01470,0.0
04761,0.0
03757,0.0
03850,0.0
04468,0.0
00986,0.0
04873,0.0
04679,0.0
03687,0.0
02276,0.0
01418,0.0
04762,0.0
03758,0.0
03851,0.0
04469,0.0
00983,0.0
04874,0.0
03704,0.0
03688,0.0
02277,0.0
01419,0.0
01054,0.0
03291,0.0
03852,0.0
04470,0.0
00984,0.0
04875,0.0
03705,0.0
03689,0.0
02278,1.0
01420,0.0
01055,0.0
03292,0.0
03853,0.0
02661,0.0
00967,0.0
00852,0.0
03706,0.0
03690,0.0
02279,0.0
01421,0.0
01056,0.0
03293,0.0
03846,0.0
02662,0.0
00968,0.0
01358,0.0
03707,0.0
04635,0.0
03489,0.0
00761,0.0
00796,0.0
03294,0.0
03847,0.0
02663,0.0
00858,0.0
01359,0.0
03708,0.0
01590,0.0
03490,0.0
04057,1.0
00797,0.0
00255,0.0
03848,0.0
02664,0.0
00151,0.0
01360,0.0
03783,0.0
01591,0.0
03491,0.0
01452,0.0
00290,0.0
00288,0.0
03849,0.0
02511,0.0
01503,0.0
03798,0.0
03784,0.0
01592,0.0
03492,0.0
01453,0.0
00259,0.0
02712,0.0
03858,0.0
02512,0.0
01500,0.0
03799,0.0
03785,0.0
01085,0.0
03493,0.0
01454,0.0
00351,0.0
02713,0.0
03859,0.0
02513,0.0
01501,0.0
03800,0.0
03786,0.0
04750,0.0
04820,0.0
01475,0.0
00352,0.0
02714,0.0
03860,0.0
02514,0.0
01502,0.0
03801,0.0
03787,0.0
04751,0.0
04821,0.0
01476,0.0
02468,0.0
00261,0.0
03861,0.0
00145,0.0
00028,0.0
01807,0.0
01702,0.0
04752,0.0
04822,0.0
01477,0.0
02465,0.0
00292,0.0
03854,0.0
03729,0.0
00743,0.0
01808,0.0
01703,0.0
04753,0.0
04823,0.0
01478,0.0
02466,1.0
03101,0.0
03855,0.0
03730,0.0
01143,0.0
01809,0.0
01704,0.0
04132,0.0
04824,2.0
02634,0.0
02467,0.0
03102,0.0
03856,0.0
03731,0.0
01144,0.0
01810,0.0
01705,0.0
04133,0.0
00703,0.0
02635,0.0
00792,0.0
03103,0.0
03857,0.0
03732,0.0
01145,0.0
01361,0.0
04636,0.0
04134,0.0
00704,0.0
02636,1.0
00793,0.0
00741,0.0
02234,0.0
03088,0.0
00745,0.0
01362,0.0
04680,0.0
04575,0.0
04825,0.0
02637,0.0
01184,0.0
00742,0.0
00936,0.0
03089,0.0
00746,0.0
01363,0.0
04681,0.0
04660,0.0
04826,0.0
01471,0.0
01185,0.0
03095,0.0
00937,0.0
03090,0.0
00823,0.0
02715,0.0
04682,0.0
04661,0.0
04827,0.0
01472,0.0
01186,0.0
03096,0.0
00938,0.0
03091,0.0
00824,0.0
02716,0.0
04683,0.0
04662,0.0
04828,0.0
01473,0.0
00331,0.0
03097,0.0
04482,0.0
03733,0.0
00747,0.0
02717,0.0
03243,0.0
04663,0.0
04829,1.0
01474,0.0
03739,0.0
03874,0.0
04483,0.0
03734,0.0
00748,0.0
01622,0.0
03244,0.0
00436,0.0
04830,0.0
00829,0.0
03740,0.0
03875,0.0
01488,0.0
03735,0.0
00833,0.0
01623,0.0
03245,0.0
00437,0.0
04831,0.0
00830,0.0
03741,0.0
03876,0.0
01489,0.0
03736,0.0
00834,0.0
01624,0.0
03246,0.0
04712,0.0
04832,0.0
02626,0.0
03742,0.0
03877,0.0
01490,0.0
00713,0.0
00113,0.0
01625,0.0
04559,0.0
04713,0.0
04833,0.0
02627,0.0
04211,0.0
00906,0.0
01491,0.0
04445,0.0
00109,0.0
00277,0.0
00430,0.0
04714,0.0
04834,1.0
02628,0.0
04212,0.0
00907,0.0
03815,0.0
04446,0.0
01403,0.0
00278,0.0
00431,0.0
04715,0.0
00120,0.0
02629,0.0
04213,0.0
02927,0.0
03816,0.0
04447,0.0
01404,0.0
01550,0.0
04620,0.0
03680,1.0
00156,0.0
00924,0.0
00166,0.0
02928,0.0
03817,0.0
03155,0.0
01551,0.0
00574,0.0
04086,0.0
03681,1.0
00500,0.0
00683,0.0
02929,0.0
03818,0.0
03156,0.0
01552,0.0
00245,0.0
04087,0.0
03682,0.0
00501,0.0
00366,0.0
01926,0.0
03378,1.0
03157,0.0
00263,0.0
00246,0.0
04088,0.0
03683,0.0
00502,0.0
00367,0.0
01927,0.0
03379,6.0
01106,0.0
00264,0.0
02743,0.0
04089,0.0
03684,0.0
00503,0.0
00384,0.0
01928,0.0
03380,16.0
01107,0.0
00784,0.0
02744,0.0
04090,0.0
02215,0.0
04026,0.0
01205,0.0
01929,0.0
03381,0.0
01108,0.0
00785,0.0
02745,0.0
01710,0.0
02216,0.0
04027,0.0
01206,0.0
03819,0.0
03382,0.0
03981,0.0
01355,0.0
02746,0.0
01711,0.0
02217,0.0
04028,0.0
01207,0.0
03820,0.0
03309,0.0
03982,0.0
01356,0.0
00688,0.0
01712,0.0
00887,0.0
04029,0.0
00825,0.0
03821,0.0
03310,0.0
03983,0.0
01357,0.0
00689,0.0
01713,0.0
04566,0.0
03206,0.0
04059,0.0
03822,0.0
03311,0.0
03984,0.0
00853,0.0
01811,0.0
04619,0.0
04565,0.0
03207,0.0
02462,0.0
00623,0.0
03312,0.0
00712,0.0
03759,0.0
01812,0.0
04008,0.0
00406,0.0
03208,0.0
02463,0.0
00624,0.0
03313,0.0
02305,0.0
03760,0.0
01813,0.0
03498,1.0
00407,0.0
03209,0.0
02464,0.0
01819,0.0
04885,0.0
02306,0.0
03761,0.0
01814,0.0
03499,0.0
04562,0.0
01626,0.0
01072,0.0
01820,0.0
04886,0.0
02307,0.0
03762,0.0
01274,0.0
03500,0.0
04563,0.0
01627,0.0
01073,0.0
01821,0.0
04887,0.0
00708,0.0
00850,0.0
01275,0.0
03501,0.0
04564,0.0
01628,0.0
01074,0.0
01822,0.0
04888,0.0
02339,0.0
01352,0.0
01276,0.0
04117,0.0
04589,0.0
01629,0.0
01410,0.0
00898,0.0
04013,0.0
02340,0.0
01353,1.0
01277,0.0
04118,0.0
01097,0.0
00508,0.0
00360,0.0
01556,0.0
04014,0.0
02341,0.0
01354,0.0
00585,0.0
04119,0.0
01098,0.0
00509,0.0
00361,0.0
01557,0.0
04015,0.0
02299,0.0
00854,0.0
00586,0.0
04338,0.0
01099,0.0
01766,0.0
01239,0.0
01558,0.0
04016,0.0
02300,0.0
01336,0.0
02544,0.0
03714,0.0
04625,0.0
01767,0.0
01240,0.0
03196,0.0
03473,0.0
02301,0.0
01337,0.0
02545,0.0
03715,0.0
01730,0.0
01768,0.0
01241,0.0
03197,0.0
03474,1.0
02302,0.0
01338,0.0
02546,0.0
03716,0.0
01731,0.0
01815,0.0
00315,0.0
03198,0.0
03475,1.0
02303,0.0
01504,0.0
02547,0.0
03717,0.0
01732,0.0
01816,0.0
00316,0.0
03866,0.0
03476,0.0
02304,0.0
01505,0.0
02362,0.0
03718,0.0
01733,0.0
01817,0.0
01069,0.0
03867,0.0
03477,0.0
03693,0.0
01506,0.0
02363,0.0
04613,0.0
03940,2.0
01818,0.0
01070,0.0
03868,0.0
03299,0.0
03694,0.0
00254,0.0
02364,0.0
00420,0.0
03941,0.0
00728,0.0
01071,0.0
03869,0.0
03300,0.0
03695,0.0
01278,0.0
02365,0.0
00421,0.0
03942,0.0
00729,0.0
01223,0.0
00563,0.0
03301,0.0
03696,0.0
01279,0.0
02394,0.0
02202,0.0
03943,0.0
04164,0.0
00376,0.0
00564,0.0
03302,0.0
03697,0.0
01280,0.0
02395,0.0
02203,0.0
04664,0.0
04165,1.0
01214,0.0
01971,0.0
03303,0.0
02351,0.0
01281,0.0
02396,0.0
02204,0.0
04665,0.0
04166,0.0
01215,0.0
01972,0.0
04889,0.0
02352,0.0
01002,0.0
02397,0.0
04650,0.0
04666,0.0
04167,0.0
01216,0.0
01973,0.0
04890,0.0
02353,0.0
01003,0.0
03747,0.0
02208,0.0
04667,0.0
04168,0.0
04757,2.0
01645,0.0
04891,0.0
02323,0.0
00267,0.0
03748,0.0
02209,0.0
04626,0.0
00504,0.0
04758,0.0
01646,0.0
04892,0.0
02324,0.0
00268,0.0
03749,0.0
02210,0.0
04627,0.0
00505,0.0
04759,0.0
01647,0.0
03509,0.0
02325,0.0
01547,0.0
03750,0.0
02211,0.0
04628,0.0
00512,0.0
01762,0.0
01648,0.0
03510,0.0
02342,0.0
01548,0.0
00247,0.0
04673,0.0
04629,0.0
00513,0.0
01763,1.0
01980,0.0
03511,0.0
02343,0.0
01549,0.0
00248,0.0
04674,0.0
00448,0.0
04876,0.0
01764,0.0
01981,0.0
03512,0.0
02344,0.0
00684,0.0
00567,0.0
00440,0.0
00449,0.0
04877,0.0
01765,0.0
01982,0.0
03513,0.0
04038,0.0
00603,0.0
00568,0.0
04675,0.0
04545,0.0
04878,1.0
01254,0.0
01983,0.0
04231,0.0
04039,0.0
00604,0.0
02116,0.0
00441,0.0
04546,0.0
04879,0.0
01255,0.0
02024,0.0
04232,1.0
04040,0.0
00851,0.0
02117,0.0
04676,0.0
04547,0.0
04880,0.0
01256,0.0
02025,0.0
04233,0.0
04041,0.0
00538,0.0
02118,0.0
04738,0.0
04548,0.0
01100,0.0
00859,2.0
02026,0.0
04234,0.0
02327,0.0
00539,0.0
02119,0.0
04739,0.0
04724,0.0
01101,0.0
00860,0.0
02027,0.0
03319,0.0
02328,0.0
00738,0.0
03149,0.0
04740,0.0
04725,0.0
01102,0.0
04775,0.0
02000,0.0
03320,0.0
02329,0.0
00737,0.0
03150,0.0
04741,0.0
04726,0.0
01285,0.0
04776,0.0
02001,1.0
03321,0.0
02345,0.0
01367,0.0
03151,0.0
02918,0.0
04727,0.0
01282,0.0
04777,0.0
02002,0.0
03322,0.0
02346,0.0
01368,0.0
03120,0.0
02919,0.0
04781,2.0
01283,0.0
01051,0.0
02003,0.0
03323,0.0
02347,0.0
01369,0.0
03121,0.0
02920,0.0
04782,0.0
01284,0.0
01052,0.0
01750,0.0
03388,0.0
02330,0.0
00900,0.0
03122,0.0
04684,0.0
04783,0.0
01738,0.0
01053,0.0
01751,0.0
03389,0.0
02331,0.0
01572,0.0
03123,0.0
02196,0.0
00416,0.0
01739,0.0
00311,0.0
01752,0.0
03390,0.0
02332,0.0
01573,0.0
02459,0.0
02197,0.0
00417,0.0
01740,0.0
00312,0.0
01753,0.0
03391,0.0
00709,0.0
01574,0.0
02460,0.0
02198,0.0
04637,0.0
01741,0.0
00362,0.0
01984,0.0
03392,0.0
02348,0.0
01575,0.0
02461,0.0
04617,0.0
04638,0.0
00661,0.0
01193,0.0
01985,0.0
04881,0.0
02349,0.0
02782,0.0
03158,0.0
00422,0.0
04639,0.0
00662,0.0
01194,0.0
01986,0.0
04882,0.0
02350,0.0
02783,0.0
03159,0.0
00423,0.0
04640,0.0
01906,0.0
01195,0.0
01987,0.0
04883,0.0
00732,0.0
02784,0.0
03160,0.0
04685,0.0
04742,0.0
01907,0.0
00294,0.0
00158,0.0
04884,0.0
02333,0.0
02785,0.0
00883,0.0
04686,0.0
04743,0.0
01908,0.0
00295,0.0
02004,0.0
03463,0.0
02334,0.0
03797,0.0
00884,0.0
04687,0.0
04744,0.0
01909,0.0
01242,0.0
02005,1.0
03464,12.0
02335,0.0
00667,0.0
01321,0.0
04688,0.0
04745,0.0
01974,0.0
01243,0.0
02006,0.0
03465,0.0
02947,0.0
00668,0.0
01012,0.0
00701,0.0
00780,0.0
01975,0.0
01244,0.0
02007,0.0
03466,1.0
02948,0.0
01004,0.0
01013,0.0
00702,0.0
00781,0.0
01964,0.0
01063,0.0
03130,0.0
03467,0.0
02949,0.0
01845,0.0
01014,0.0
00287,0.0
04614,0.0
00561,0.0
01064,0.0
03131,0.0
04905,0.0
02950,0.0
01846,0.0
03076,0.0
04707,0.0
00412,0.0
00562,0.0
01065,0.0
03132,0.0
04906,0.0
04052,0.0
03077,0.0
02899,0.0
00299,0.0
02221,0.0
01784,0.0
00310,0.0
01988,0.0
04907,0.0
04053,0.0
03078,0.0
02900,0.0
02537,3.0
02222,0.0
00638,0.0
03806,0.0
01989,0.0
04908,0.0
04054,0.0
00579,0.0
02909,0.0
02538,0.0
02223,0.0
00639,0.0
03807,0.0
01990,0.0
04017,0.0
04055,0.0
00580,0.0
02910,0.0
02539,0.0
04068,0.0
02092,0.0
03808,0.0
01991,0.0
04018,0.0
00710,0.0
03032,0.0
02911,0.0
04402,0.0
04069,0.0
02093,0.0
03809,0.0
02028,0.0
04019,0.0
02308,0.0
03033,0.0
02912,0.0
04403,0.0
04070,0.0
02094,0.0
03862,2.0
02029,0.0
04020,0.0
02309,0.0
03034,0.0
02160,0.0
04404,0.0
04071,3.0
02095,0.0
03863,0.0
02030,0.0
04708,0.0
02310,0.0
00692,0.0
02161,0.0
04405,0.0
02484,0.0
04530,1.0
03864,0.0
02031,0.0
04709,0.0
02336,0.0
00693,0.0
02162,0.0
04406,0.0
02485,0.0
02108,0.0
03865,0.0
02016,0.0
04710,0.0
02337,0.0
02450,0.0
00472,0.0
01726,0.0
02486,0.0
02109,0.0
01270,0.0
02017,0.0
04711,0.0
02338,0.0
02451,0.0
00473,0.0
01727,0.0
02487,0.0
02110,0.0
01271,0.0
02018,0.0
03324,0.0
02296,0.0
02452,0.0
03199,0.0
01728,0.0
00428,0.0
02111,0.0
01272,0.0
02019,0.0
03325,0.0
02297,0.0
01605,0.0
03200,0.0
01729,0.0
00429,0.0
00953,0.0
01273,0.0
00131,0.0
03326,2.0
02298,0.0
01606,0.0
03201,0.0
04612,0.0
03743,0.0
00954,0.0
01773,0.0
02008,1.0
03327,0.0
02530,0.0
01607,0.0
02890,0.0
04611,0.0
03744,0.0
00621,0.0
01774,0.0
02009,0.0
03328,0.0
02488,0.0
01608,0.0
02891,0.0
01698,0.0
03745,0.0
00622,0.0
01775,0.0
02010,0.0
03403,0.0
02489,0.0
02358,0.0
02892,0.0
01699,0.0
03746,0.0
00293,0.0
01776,0.0
02011,0.0
03404,0.0
02490,0.0
02359,0.0
02921,0.0
01700,0.0
02233,0.0
00262,0.0
03903,0.0
03514,0.0
03405,0.0
02491,0.0
02360,0.0
02922,0.0
01701,0.0
04736,0.0
02263,0.0
03904,0.0
03515,0.0
03406,0.0
00971,0.0
02361,0.0
02923,0.0
03916,3.0
02230,3.0
02264,0.0
03905,0.0
03516,0.0
03407,0.0
00972,0.0
01601,0.0
00589,0.0
03917,0.0
02231,21.0
02265,0.0
03906,0.0
03517,0.0
03763,0.0
00975,0.0
01602,0.0
00590,0.0
03918,0.0
02232,3.0
02266,0.0
04214,0.0
01992,0.0
03764,2.0
00976,0.0
01603,0.0
02172,0.0
03919,0.0
03944,2.0
01785,0.0
04215,0.0
01993,0.0
03765,1.0
01613,0.0
01604,0.0
02173,0.0
03936,0.0
03945,0.0
01786,0.0
04216,0.0
01994,0.0
03766,0.0
01614,0.0
00235,0.0
02174,0.0
03937,0.0
03946,0.0
01787,0.0
04778,2.0
01995,0.0
03767,0.0
01615,0.0
00236,0.0
00587,0.0
03938,0.0
03947,0.0
01788,0.0
04779,0.0
01976,0.0
03468,0.0
01406,0.0
01349,0.0
00588,0.0
03939,0.0
04606,0.0
03113,0.0
04780,0.0
01977,0.0
03469,0.0
01407,0.0
01350,0.0
03960,0.0
00995,0.0
04607,0.0
03114,0.0
00798,0.0
01978,0.0
03470,0.0
01408,0.0
01351,0.0
03961,0.0
02224,0.0
04608,0.0
03115,0.0
00799,0.0
01979,0.0
03471,0.0
01409,0.0
00575,0.0
03962,39.0
02225,0.0
04609,0.0
02084,0.0
00904,0.0
00534,0.0
03472,0.0
01090,0.0
01842,0.0
03963,54.0
02226,0.0
01304,0.0
02085,0.0
00905,0.0
00535,0.0
03443,0.0
01616,0.0
01843,1.0
03964,0.0
04672,0.0
01305,0.0
02086,0.0
04239,0.0
02020,0.0
03444,0.0
01617,0.0
01844,0.0
02163,0.0
03948,1.0
01306,0.0
02087,0.0
04240,0.0
02021,0.0
03445,0.0
01618,0.0
02739,0.0
02164,0.0
03949,0.0
01307,0.0
00733,0.0
04241,0.0
02022,0.0
03446,0.0
00540,0.0
02740,0.0
02165,0.0
03950,0.0
01309,0.0
00734,0.0
03907,0.0
02023,0.0
03447,0.0
00541,0.0
02741,0.0
00593,0.0
03951,0.0
04865,2.0
03226,0.0
03908,0.0
00132,0.0
03344,0.0
00125,0.0
02742,0.0
00594,0.0
04553,0.0
04784,0.0
03227,0.0
03909,0.0
02872,0.0
03345,1.0
01951,0.0
01682,0.0
02886,0.0
04554,0.0
01302,0.0
03228,0.0
03910,0.0
02873,0.0
03346,0.0
02822,0.0
01683,0.0
02887,0.0
04555,0.0
02576,0.0
03229,0.0
01649,0.0
02874,0.0
03347,1.0
02823,0.0
01684,0.0
02888,0.0
04556,1.0
02578,0.0
03218,0.0
01650,0.0
00130,0.0
03348,0.0
02824,0.0
01685,0.0
02889,0.0
00446,0.0
02579,0.0
03219,0.0
01651,0.0
02012,0.0
03724,0.0
02825,0.0
00237,0.0
00463,0.0
00447,0.0
02580,0.0
03220,0.0
01652,0.0
02013,0.0
03725,0.0
01118,0.0
00238,0.0
02147,2.0
04643,0.0
00506,0.0
03221,0.0
00306,0.0
02014,0.0
03726,0.0
01119,0.0
02924,0.0
02148,0.0
04644,0.0
00507,0.0
01838,0.0
00307,0.0
02015,0.0
03727,0.0
01120,0.0
02925,0.0
02149,0.0
04645,0.0
01777,0.0
01839,0.0
04242,0.0
01996,0.0
03728,0.0
01121,0.0
02926,0.0
00462,0.0
04646,0.0
01778,0.0
01840,0.0
04243,0.0
01997,0.0
04493,0.0
03698,1.0
00243,0.0
00476,0.0
04720,0.0
01779,0.0
01841,0.0
04244,0.0
01998,0.0
04494,1.0
02239,0.0
00244,0.0
00477,0.0
04721,0.0
01780,0.0
00670,0.0
03146,0.0
01999,0.0
04495,0.0
02240,0.0
00581,0.0
02175,0.0
04722,0.0
01527,0.0
00671,0.0
03147,0.0
03079,0.0
04496,0.0
02241,0.0
00582,0.0
02176,0.0
04723,0.0
01528,0.0
03985,0.0
03148,0.0
00203,0.0
04497,0.0
02242,0.0
00690,0.0
02177,0.0
03239,0.0
01529,0.0
03986,0.0
03124,0.0
00204,0.0
03911,0.0
02238,0.0
00691,0.0
00469,0.0
03240,0.0
01530,0.0
03987,0.0
03125,0.0
04060,0.0
03912,0.0
03692,0.0
01754,0.0
02153,0.0
03241,0.0
00686,0.0
03988,0.0
03126,0.0
04061,0.0
03913,0.0
02235,0.0
01755,0.0
02154,0.0
03242,0.0
00687,0.0
04835,0.0
01316,0.0
04062,0.0
03914,0.0
02236,2.0
01756,0.0
02155,0.0
04647,0.0
00269,0.0
04836,1.0
01317,0.0
04063,0.0
03915,0.0
02237,1.0
01757,0.0
00468,0.0
04590,0.0
00270,0.0
04837,0.0
01318,0.0
00195,0.0
03484,0.0
04369,0.0
03519,0.0
02893,0.0
04591,0.0
01910,0.0
04838,0.0
01319,0.0
00196,0.0
03485,0.0
04370,2.0
03520,0.0
02894,0.0
04592,0.0
01911,0.0
04839,0.0
01314,0.0
00199,0.0
03486,0.0
04371,0.0
03521,0.0
02895,0.0
04593,0.0
01912,0.0
02096,0.0
04420,0.0
03133,0.0
03487,0.0
04372,0.0
03522,0.0
02896,0.0
04561,0.0
01913,0.0
02097,0.0
04421,4.0
00200,0.0
03488,0.0
04373,0.0
03494,0.0
02169,0.0
00410,0.0
02930,0.0
02098,0.0
04422,0.0
03965,0.0
03398,0.0
03977,0.0
03495,0.0
02170,0.0
02218,0.0
02931,0.0
02099,0.0
04423,0.0
03966,0.0
03399,0.0
03978,0.0
03496,0.0
02171,0.0
02219,0.0
02932,0.0
00229,0.0
04424,0.0
03967,0.0
03400,0.0
03979,0.0
01138,0.0
00413,0.0
03127,0.0
01192,0.0
04430,0.0
03968,0.0
03401,0.0
03980,0.0
01139,0.0
02187,0.0
03128,0.0
02469,0.0
04431,2.0
00201,0.0
03402,0.0
04042,0.0
00129,0.0
02188,0.0
03129,0.0
02470,0.0
04432,0.0
00202,0.0
04144,0.0
04043,0.0
01109,0.0
02189,0.0
00841,0.0
02471,0.0
04433,0.0
00217,0.0
04145,0.0
04044,0.0
01110,0.0
00418,0.0
00842,0.0
02472,0.0
04434,0.0
00218,0.0
04146,0.0
04045,0.0
01111,0.0
00419,0.0
00304,0.0
04860,0.0
04440,0.0
00187,0.0
04147,0.0
04047,0.0
01113,0.0
02284,0.0
00233,0.0
04861,0.0
04441,9.0
00188,1.0
03339,0.0
04350,0.0
00134,0.0
02285,0.0
03969,0.0
04862,0.0
04442,0.0
01630,1.0
03340,52.0
04351,0.0
01414,1.0
02286,0.0
03970,0.0
04863,0.0
04443,0.0
01631,0.0
03341,18.0
04352,1.0
01416,0.0
04694,0.0
03971,0.0
04864,0.0
04444,0.0
01632,0.0
03342,0.0
04353,0.0
01417,0.0
04732,0.0
03972,0.0
04766,2.0
04425,0.0
02598,3.0
03343,0.0
04354,0.0
00135,0.0
04114,0.0
01637,0.0
04767,0.0
04426,5.0
00189,0.0
03810,0.0
04368,0.0
02834,0.0
04115,0.0
01638,0.0
04768,0.0
04427,0.0
00190,0.0
03811,0.0
03839,1.0
02835,0.0
04116,0.0
01639,0.0
03222,0.0
04428,0.0
00215,0.0
03812,0.0
03840,4.0
02836,0.0
04577,0.0
01640,0.0
03223,0.0
04429,0.0
00216,0.0
03813,0.0
03841,0.0
02837,0.0
04578,0.0
02562,0.0
03224,0.0
01181,0.0
00185,0.0
03814,0.0
04506,0.0
02794,0.0
04579,0.0
02563,0.0
03225,0.0
01182,1.0
00186,0.0
03318,0.0
04318,0.0
02795,0.0
04580,0.0
02564,0.0
00997,0.0
01183,0.0
04194,0.0
03314,0.0
04319,2.0
02796,2.0
04558,0.0
02565,0.0
00998,0.0
00321,0.0
01792,0.0
03315,0.0
04320,0.0
02797,0.0
02366,0.0
03719,0.0
00999,0.0
04435,0.0
01793,0.0
03316,0.0
04321,0.0
02456,0.0
02367,0.0
03720,0.0
00800,0.0
04436,3.0
01794,0.0
03317,0.0
04322,0.0
02457,0.0
02368,0.0
03721,0.0
00801,0.0
04437,0.0
03184,0.0
03418,0.0
04366,0.0
02458,0.0
02369,0.0
03722,0.0
01251,0.0
04438,0.0
03185,0.0
03419,0.0
04518,0.0
00154,0.0
04729,0.0
03723,0.0
01252,0.0
04439,0.0
03186,0.0
03420,0.0
04519,1.0
00153,0.0
01152,0.0
01492,0.0
01253,0.0
03502,0.0
02444,0.0
03421,0.0
04520,0.0
02838,0.0
01153,0.0
01493,0.0
01038,0.0
03793,0.0
02445,0.0
03422,0.0
04521,0.0
02839,0.0
01154,0.0
01494,0.0
01039,0.0
04785,0.0
02446,0.0
03768,0.0
04303,0.0
02840,0.0
01155,0.0
01495,0.0
01040,0.0
01862,4.0
00180,0.0
03769,0.0
04304,1.0
02841,0.0
04397,0.0
02447,0.0
00323,0.0
01863,0.0
00178,0.0
03770,0.0
04305,0.0
01127,0.0
04398,0.0
02448,0.0
00324,0.0
01864,0.0
00205,0.0
03771,0.0
04306,0.0
01128,0.0
04399,0.0
02449,0.0
01060,0.0
01865,0.0
00206,0.0
03772,0.0
04307,0.0
01129,0.0
04400,0.0
00536,0.0
01061,0.0
01430,0.0
03023,0.0
03393,0.0
04298,0.0
00128,0.0
04401,0.0
00537,0.0
01062,0.0
02048,0.0
03024,0.0
03394,0.0
04299,1.0
02830,0.0
04602,0.0
02243,0.0
03109,0.0
02049,1.0
03025,0.0
03395,0.0
04300,0.0
02831,0.0
04603,0.0
02244,0.0
03110,0.0
02050,4.0
00653,0.0
03396,0.0
04301,0.0
02832,0.0
04604,0.0
02245,0.0
03111,0.0
02051,0.0
00654,0.0
03397,0.0
04302,0.0
02833,0.0
04605,0.0
02246,0.0
03112,0.0
01690,0.0
00193,0.0
03699,0.0
04253,0.0
02826,0.0
00735,0.0
03187,0.0
00559,0.0
01691,0.0
00194,0.0
03700,0.0
04254,3.0
02827,3.0
00736,0.0
03188,0.0
00560,0.0
01692,0.0
00211,0.0
03701,0.0
04255,0.0
02828,0.0
03899,0.0
03189,0.0
00358,0.0
01693,0.0
00212,0.0
03702,0.0
04256,0.0
02829,0.0
03900,0.0
03152,0.0
01199,0.0
02040,0.0
00181,0.0
03703,0.0
04257,0.0
01124,0.0
03901,0.0
03153,0.0
01200,0.0
02041,3.0
00182,0.0
03383,0.0
04278,0.0
01125,15.0
03902,0.0
03154,0.0
01201,0.0
02042,0.0
00197,0.0
03384,0.0
04279,2.0
00106,0.0
04618,0.0
01609,0.0
04845,0.0
02043,0.0
00198,0.0
03385,0.0
04280,0.0
01126,99.0
01718,0.0
01610,0.0
04846,1.0
04921,5.0
00207,0.0
03386,0.0
04281,0.0
02999,0.0
01719,0.0
01611,0.0
04847,0.0
01722,0.0
00208,0.0
03387,0.0
04282,0.0
03000,0.0
01720,0.0
01612,0.0
04848,0.0
01723,1.0
00209,0.0
03359,1.0
04515,0.0
03001,0.0
01721,0.0
04064,0.0
04849,0.0
01724,0.0
00210,0.0
03360,36.0
02314,0.0
03002,1.0
00612,0.0
04065,0.0
01091,0.0
01725,0.0
00191,0.0
03361,11.0
02315,2.0
02983,0.0
04649,0.0
04066,0.0
01211,0.0
02762,0.0
00192,0.0
03362,7.0
02316,0.0
02984,0.0
02212,0.0
04067,0.0
01212,0.0
02763,1.0
00176,0.0
00475,0.0
04268,0.0
02985,0.0
02213,0.0
02247,0.0
01213,0.0
02764,0.0
00177,0.0
03329,0.0
04269,28.0
02986,0.0
02214,0.0
02248,0.0
04173,0.0
02765,0.0
00183,0.0
03330,2.0
04270,1.0
03019,0.0
00611,0.0
02249,0.0
04174,1.0
02770,0.0
00184,0.0
03331,1.0
04271,2.0
03020,0.0
04734,0.0
02250,0.0
04175,0.0
02771,0.0
01861,0.0
03332,0.0
04272,0.0
03021,0.0
04123,1.0
01563,0.0
04176,0.0
02772,1.0
00532,0.0
03333,0.0
04283,0.0
03022,0.0
04124,0.0
01564,0.0
00388,0.0
02773,0.0
00533,0.0
03458,0.0
04284,1.0
02967,0.0
04125,0.0
01565,0.0
00389,0.0
00714,0.0
01859,0.0
03459,2.0
04285,0.0
02968,0.0
03887,0.0
01566,0.0
04141,0.0
02602,0.0
01860,0.0
03460,0.0
04286,0.0
02969,0.0
03888,14.0
03751,0.0
04142,0.0
02603,1.0
02411,0.0
03461,0.0
04287,0.0
02970,0.0
03889,0.0
03752,0.0
04143,0.0
02604,1.0
02412,0.0
03462,0.0
04509,0.0
03007,0.0
03890,0.0
03753,0.0
04769,2.0
02605,0.0
02413,0.0
04484,0.0
04510,5.0
03008,0.0
04339,0.0
03754,0.0
04770,0.0
03870,0.0
02432,0.0
04485,0.0
04511,0.0
01405,6.0
03009,0.0
02184,0.0
01517,0.0
00925,0.0
00390,0.0
03871,0.0
02433,0.0
04486,0.0
04512,0.0
00918,0.0
03010,0.0
02185,0.0
01518,0.0
01458,0.0
00391,0.0
03872,0.0
02434,0.0
04487,0.0
04365,0.0
00919,0.0
03003,0.0
02186,0.0
01519,0.0
01459,12.0
01080,0.0
03873,0.0
00665,0.0
03413,0.0
04364,0.0
02733,0.0
03004,0.0
01714,0.0
00676,0.0
01460,1.0
01081,0.0
00141,0.0
00666,0.0
03414,0.0
04516,0.0
02734,0.0
03005,0.0
01715,0.0
00739,0.0
00759,0.0
01227,0.0
00528,0.0
00220,0.0
03415,0.0
02317,0.0
02735,0.0
03006,0.0
01716,0.0
00740,0.0
00760,0.0
01228,0.0
03035,0.0
00219,0.0
03416,1.0
02318,6.0
02721,2.0
02971,0.0
01717,0.0
04105,0.0
01439,0.0
01229,0.0
03036,4.0
00174,0.0
03417,0.0
02319,0.0
02722,0.0
02972,0.0
04610,0.0
04106,0.0
01440,0.0
00341,0.0
03037,0.0
00173,0.0
03304,0.0
04288,0.0
02723,0.0
02973,0.0
00432,0.0
04107,0.0
01441,0.0
00342,0.0
03038,0.0
01510,0.0
03305,0.0
04289,0.0
00030,0.0
02974,0.0
00433,0.0
00271,0.0
01442,0.0
00289,0.0
03237,1.0
01511,0.0
03306,0.0
04290,0.0
00110,0.0
02995,0.0
04621,0.0
00272,0.0
02417,0.0
00258,0.0
01878,0.0
01512,0.0
03307,0.0
04291,0.0
00133,0.0
02996,0.0
04622,0.0
01656,0.0
02418,0.0
00317,0.0
01879,0.0
01513,0.0
03308,0.0
04292,0.0
02736,0.0
02997,1.0
04623,0.0
01657,0.0
02419,0.0
00318,0.0
01880,4.0
01902,0.0
04893,0.0
04273,0.0
02737,0.0
02998,0.0
04624,0.0
01658,0.0
02420,0.0
00382,0.0
01881,0.0
01903,0.0
04894,0.0
04274,16.0
02738,0.0
02987,0.0
00426,0.0
01659,0.0
03533,0.0
00383,0.0
02032,3.0
01904,0.0
04895,0.0
04275,0.0
00165,0.0
02988,0.0
00427,0.0
00810,0.0
03534,0.0
03230,0.0
02033,0.0
01905,0.0
04896,0.0
04276,0.0
00914,0.0
02989,0.0
04616,0.0
00811,0.0
03535,0.0
03231,0.0
02034,0.0
01795,0.0
03349,0.0
04277,0.0
00915,0.0
02990,0.0
02581,0.0
03802,0.0
03536,0.0
03232,0.0
02035,0.0
01796,0.0
03350,1.0
04362,0.0
02730,0.0
02979,0.0
02582,0.0
03803,0.0
03537,0.0
01217,0.0
01434,0.0
01797,0.0
03351,0.0
02320,1.0
02731,3.0
02980,0.0
02583,2.0
03804,0.0
03067,0.0
01218,0.0
02933,0.0
01899,0.0
03352,0.0
02321,9.0
02732,0.0
02981,0.0
04567,0.0
03805,0.0
03068,0.0
01219,0.0
02934,0.0
01900,0.0
03353,0.0
02322,0.0
02798,0.0
02982,1.0
04568,0.0
01048,0.0
03069,0.0
00370,0.0
02935,0.0
01901,0.0
03453,0.0
04517,0.0
02799,1.0
02963,0.0
04569,0.0
01049,4.0
00763,0.0
04138,0.0
00715,0.0
00225,0.0
03454,0.0
04313,0.0
02800,0.0
02964,0.0
04570,0.0
01050,0.0
00764,0.0
04139,0.0
02758,0.0
00226,0.0
03455,0.0
04314,0.0
02801,0.0
02965,0.0
04735,0.0
00557,0.0
02425,0.0
04140,0.0
02759,1.0
00221,0.0
03456,0.0
04315,0.0
02846,55.0
02966,0.0
04126,0.0
00558,0.0
02426,6.0
00329,0.0
02760,0.0
00222,1.0
03457,0.0
04316,1.0
02847,41.0
03011,0.0
04127,0.0
00273,0.0
02427,0.0
00330,0.0
02761,0.0
00680,0.0
03423,0.0
04317,0.0
02848,4.0
03012,0.0
04128,0.0
00274,0.0
02428,0.0
00325,0.0
01567,1.0
00681,0.0
03424,0.0
04328,0.0
02849,0.0
03013,0.0
04634,0.0
04866,0.0
04182,0.0
00326,0.0
01568,0.0
01093,0.0
03425,0.0
04329,1.0
00114,0.0
03014,0.0
03171,0.0
04867,0.0
04183,0.0
00802,0.0
01569,0.0
00223,0.0
03426,0.0
04330,0.0
00920,0.0
02975,0.0
03172,0.0
04868,0.0
04184,0.0
00803,0.0
01570,0.0
00224,0.0
03427,0.0
04331,0.0
00921,0.0
02976,0.0
03173,0.0
04869,0.0
04185,0.0
00374,0.0
01870,0.0
01893,0.0
03408,0.0
04332,0.0
00108,0.0
02977,0.0
03174,0.0
04870,0.0
04186,0.0
00375,0.0
01871,4.0
01894,0.0
03409,0.0
04308,0.0
00146,0.0
02978,0.0
04557,0.0
00812,0.0
03632,0.0
02473,0.0
01872,0.0
01895,0.0
03410,0.0
04309,0.0
02724,0.0
02879,0.0
02190,0.0
00813,0.0
03633,0.0
02474,0.0
01873,0.0
01896,0.0
03411,0.0
04310,0.0
02725,9.0
02880,0.0
02191,0.0
02280,0.0
03634,0.0
02475,0.0
02056,0.0
01897,0.0
03412,0.0
04311,1.0
02726,0.0
02881,0.0
02192,0.0
02281,0.0
03635,0.0
04058,0.0
02057,1.0
01898,0.0
03438,0.0
04312,0.0
00112,0.0
02991,0.0
00404,0.0
02282,0.0
03636,0.0
00386,0.0
02058,0.0
00843,1.0
03439,0.0
02559,0.0
00147,0.0
02992,0.0
00405,0.0
02283,0.0
02632,4.0
01202,0.0
02059,0.0
00910,0.0
03440,0.0
02560,1.0
01140,0.0
02993,0.0
03773,11.0
00617,0.0
02633,0.0
01203,0.0
02068,0.0
00911,0.0
03441,0.0
02561,0.0
01141,0.0
02994,1.0
03774,22.0
01340,0.0
02630,0.0
01204,0.0
02069,0.0
00227,0.0
03442,0.0
00771,0.0
01142,0.0
03015,0.0
03775,0.0
01341,0.0
02631,0.0
02150,0.0
02070,0.0
00228,0.0
03367,0.0
04514,0.0
00916,0.0
03016,0.0
03776,0.0
01342,0.0
02421,0.0
02151,0.0
02071,0.0
04202,0.0
03363,0.0
02943,0.0
00917,0.0
03017,0.0
03777,0.0
03164,0.0
02422,1.0
02152,0.0
02610,0.0
01262,0.0
03364,0.0
02944,1.0
02727,0.0
03018,0.0
02193,0.0
03165,0.0
02423,0.0
00308,0.0
02611,1.0
01263,0.0
03365,0.0
02945,3.0
02728,10.0
02854,0.0
02194,0.0
03166,0.0
02424,0.0
00309,0.0
02612,0.0
01264,0.0
03366,0.0
02946,0.0
02729,1.0
02855,15.0
02195,1.0
00275,0.0
03070,0.0
01866,0.0
02613,0.0
01265,0.0
03523,0.0
04508,0.0
00111,0.0
02856,0.0
00599,0.0
00276,0.0
03071,0.0
01867,0.0
00651,0.0
01769,0.0
03524,0.0
03836,0.0
01559,0.0
02857,0.0
00600,0.0
01535,0.0
03072,0.0
01868,0.0
00652,0.0
01770,0.0
03525,0.0
03837,16.0
01560,0.0
02806,0.0
04642,0.0
01536,0.0
00767,0.0
01869,0.0
02614,0.0
01771,0.0
03526,0.0
03838,0.0
01561,0.0
02807,1.0
04536,0.0
01537,0.0
00768,0.0
04474,0.0
02615,0.0
01772,0.0
03527,0.0
04507,0.0
00115,0.0
02808,0.0
04537,0.0
01538,0.0
01431,0.0
04475,0.0
02616,2.0
02402,0.0
04897,0.0
04357,111.0
00922,0.0
02809,0.0
04538,0.0
04191,0.0
01432,0.0
04476,0.0
02617,0.0
02403,0.0
04898,0.0
04263,0.0
00923,0.0
02435,0.0
04539,0.0
04192,0.0
01433,0.0
01231,0.0
01435,0.0
02404,0.0
04899,0.0
04264,1.0
04048,0.0
02862,0.0
03665,0.0
04193,0.0
00394,0.0
01232,0.0
02044,0.0
03993,0.0
04900,0.0
04265,0.0
04049,0.0
02863,0.0
03666,1.0
01914,0.0
01326,0.0
00806,0.0
02045,3.0
03994,0.0
03428,0.0
04266,0.0
04050,1.0
02864,0.0
03667,0.0
01915,0.0
01327,0.0
00807,0.0
02046,1.0
03995,0.0
03429,0.0
04267,0.0
04051,0.0
00867,0.0
03668,0.0
01916,0.0
01328,0.0
01230,0.0
02047,0.0
03996,0.0
03430,0.0
04367,0.0
00912,0.0
00868,0.0
03669,0.0
01917,0.0
01329,0.0
04177,0.0
04922,1.0
02405,0.0
03431,0.0
04324,0.0
00913,0.0
02858,0.0
04669,0.0
01531,0.0
01330,6.0
04178,1.0
02766,0.0
02406,1.0
03432,0.0
04325,3.0
00104,0.0
02859,3.0
04670,0.0
01532,0.0
01331,4.0
04179,0.0
02767,1.0
02407,0.0
03433,0.0
04326,0.0
03283,0.0
02860,0.0
04671,0.0
01533,0.0
01332,0.0
04180,0.0
02768,0.0
03233,0.0
03434,0.0
04327,0.0
01137,0.0
02861,0.0
00438,0.0
01534,0.0
01333,0.0
04181,0.0
02769,0.0
03234,1.0
03435,0.0
04293,0.0
00875,0.0
00458,0.0
01891,0.0
04771,0.0
01586,0.0
03235,0.0
03436,0.0
04294,10.0
01136,0.0
00876,0.0
00459,0.0
00464,0.0
01044,0.0
01587,0.0
03236,0.0
03437,0.0
04295,0.0
01133,0.0
00879,0.0
02166,0.0
01892,0.0
01187,0.0
01588,1.0
02525,0.0
03334,0.0
04296,1.0
01134,0.0
00880,0.0
02167,0.0
00597,0.0
01188,1.0
01589,0.0
02526,0.0
03335,0.0
04297,0.0
01135,0.0
00872,0.0
02168,0.0
00598,0.0
01189,0.0
03039,0.0
02527,0.0
03336,0.0
04248,0.0
00788,0.0
00863,0.0
00838,0.0
02144,0.0
00601,0.0
03040,1.0
02528,0.0
03337,0.0
04249,1.0
01130,0.0
00864,0.0
00840,0.0
02145,1.0
00602,0.0
03041,0.0
01507,0.0
03338,0.0
04250,0.0
01131,0.0
02814,0.0
04101,0.0
02146,0.0
00378,0.0
03042,0.0
01508,0.0
03448,0.0
04251,0.0
01132,0.0
02815,1.0
04102,0.0
00496,0.0
01323,0.0
02936,0.0
01509,0.0
03449,0.0
04252,0.0
00790,0.0
02816,0.0
04103,0.0
00497,0.0
01324,2.0
02937,0.0
01033,0.0
03450,1.0
04340,0.0
00791,0.0
02817,0.0
04104,0.0
00498,0.0
01325,0.0
02938,0.0
02408,0.0
03451,0.0
04341,2.0
00640,0.0
02802,0.0
00595,1.0
00499,0.0
01224,0.0
00140,0.0
02409,0.0
03452,0.0
04342,0.0
00817,0.0
02803,1.0
00596,0.0
02156,0.0
01225,0.0
00529,0.0
02410,0.0
04532,0.0
04343,0.0
03638,0.0
02804,0.0
02566,0.0
02157,0.0
01226,0.0
01967,0.0
02414,0.0
04533,0.0
04344,0.0
03639,0.0
02805,0.0
02567,0.0
02158,0.0
00333,0.0
01968,0.0
02415,0.0
04534,0.0
02311,0.0
03640,0.0
03116,0.0
02568,0.0
02159,0.0
00334,0.0
01969,0.0
02416,0.0
04535,0.0
02312,24.0
03641,0.0
03117,1.0
00450,0.0
03073,0.0
04763,2.0
01970,0.0
02555,0.0
03368,0.0
02313,1.0
03642,0.0
03118,0.0
00451,0.0
03074,0.0
04764,0.0
01855,0.0
02556,0.0
03369,2.0
04513,0.0
00636,0.0
03119,0.0
02901,0.0
03075,0.0
04765,0.0
01856,1.0
02557,0.0
03370,1.0
04363,5.0
01005,0.0
00149,0.0
02902,0.0
04747,0.0
01799,0.0
01857,0.0
02558,0.0
03371,0.0
03883,0.0
03651,0.0
00669,0.0
02903,0.0
04651,0.0
01800,0.0
01858,0.0
01343,0.0
03372,0.0
03884,0.0
03652,0.0
02519,0.0
02904,0.0
04652,0.0
01801,0.0
01886,0.0
01344,0.0
04901,0.0
03885,0.0
03653,0.0
02520,0.0
02178,0.0
04653,0.0
01802,0.0
01887,0.0
01345,0.0
04902,0.0
03886,0.0
03654,0.0
02521,0.0
02179,0.0
04654,0.0
01035,0.0
01888,1.0
00531,0.0
04903,0.0
04258,0.0
00849,0.0
02522,0.0
02180,0.0
02436,0.0
01036,0.0
01889,0.0
03259,0.0
04904,0.0
04259,0.0
00634,0.0
00148,0.0
00490,0.0
02437,0.0
01236,0.0
01427,33.0
03260,0.0
04478,0.0
04260,0.0
04489,0.0
00861,0.0
00491,0.0
02438,0.0
01237,0.0
02774,0.0
03261,0.0
04479,0.0
04261,0.0
00696,0.0
00862,0.0
00480,0.0
02439,0.0
01238,0.0
02775,0.0
03262,0.0
04480,0.0
04262,0.0
00837,0.0
02865,0.0
00481,0.0
04746,0.0
04772,2.0
02776,0.0
01823,0.0
04481,0.0
03823,0.0
00286,0.0
02866,1.0
01653,0.0
04655,0.0
04773,0.0
02777,0.0
01824,0.0
03373,0.0
03824,0.0
03622,2.0
02867,0.0
01654,0.0
04656,0.0
04774,0.0
03084,0.0
01825,0.0
03374,0.0
03825,0.0
03623,7.0
02523,0.0
01655,0.0
04657,0.0
03167,0.0
03085,0.0
01826,0.0
03375,0.0
03826,0.0
03624,4.0
00881,0.0
00470,0.0
04658,0.0
03168,0.0
03086,0.0
03214,0.0
03376,0.0
03879,0.0
03625,0.0
00882,0.0
00471,0.0
00414,0.0
03169,0.0
03087,0.0
03215,1.0
03377,0.0
03880,0.0
03626,0.0
00869,0.0
00613,0.0
00415,0.0
03170,0.0
02052,0.0
03216,0.0
03478,0.0
03881,0.0
04490,0.0
00870,0.0
00614,0.0
04615,0.0
01196,0.0
02053,4.0
03217,0.0
03479,0.0
03882,0.0
04491,0.0
00873,0.0
00591,0.0
00424,0.0
01197,0.0
02054,0.0
04333,0.0
03480,0.0
03827,0.0
04492,1.0
00874,0.0
00592,0.0
00425,0.0
01198,0.0
02055,0.0
04200,0.0
03481,0.0
03828,18.0
00635,0.0
00865,0.0
04358,0.0
02199,0.0
00364,0.0
01428,1.0
04334,0.0
03483,0.0
03829,0.0
00474,0.0
00866,0.0
04359,0.0
02200,0.0
00365,0.0
01882,0.0
04335,0.0
03563,0.0
04523,0.0
03647,0.0
02810,0.0
04360,0.0
02201,0.0
01078,0.0
01883,4.0
01963,0.0
03564,0.0
00959,0.0
03648,0.0
02811,1.0
04361,0.0
03134,0.0
02251,0.0
01884,0.0
02651,0.0
03565,0.0
00960,0.0
03649,0.0
02812,0.0
04149,0.0
03135,0.0
02252,0.0
01885,0.0
04187,0.0
03566,0.0
03833,0.0
03650,0.0
02813,0.0
04150,0.0
03136,1.0
02253,0.0
02618,0.0
04188,0.0
03567,0.0
03834,12.0
03627,10.0
02850,0.0
04151,0.0
03137,0.0
02254,0.0
02619,0.0
04204,0.0
03538,0.0
03835,0.0
03628,0.0
02851,0.0
04152,0.0
04678,0.0
04471,0.0
02620,1.0
04206,0.0
03539,2.0
04524,0.0
03629,0.0
02852,0.0
04153,0.0
03932,0.0
04472,0.0
02621,0.0
04207,0.0
03540,0.0
00955,0.0
03630,0.0
02853,0.0
02913,0.0
03933,0.0
04473,0.0
03138,0.0
04208,0.0
03541,0.0
00956,0.0
00947,0.0
00877,0.0
02914,0.0
03934,0.0
00718,0.0
03139,1.0
04209,0.0
03542,0.0
03830,0.0
02529,0.0
00878,0.0
02915,0.0
03935,0.0
00719,0.0
03140,0.0
04210,0.0
03528,1.0
03831,28.0
03643,0.0
02818,0.0
02916,0.0
03891,2.0
01234,0.0
03141,0.0
04235,0.0
03529,0.0
03832,0.0
03644,0.0
02819,0.0
03503,0.0
03892,0.0
01235,0.0
02036,2.0
04197,0.0
03530,0.0
00957,0.0
03645,0.0
02820,0.0
01291,0.0
03893,0.0
00808,0.0
02037,2.0
02711,0.0
03531,0.0
00958,0.0
03646,0.0
02821,0.0
01293,0.0
03894,0.0
01233,0.0
02038,0.0
04189,0.0
03532,0.0
04522,0.0
00554,0.0
02515,0.0
01295,0.0
01088,0.0
00372,0.0
02039,0.0
02652,0.0
03582,0.0
01286,0.0
03656,0.0
02516,0.0
03795,0.0
04737,0.0
00373,0.0
04923,0.0
04190,0.0
03578,0.0
01287,0.0
03657,0.0
02517,0.0
01297,0.0
01411,0.0
03989,0.0
04924,0.0
04323,0.0
03579,0.0
01288,0.0
03658,0.0
02518,0.0
01299,0.0
01412,0.0
03990,0.0
04925,0.0
00126,0.0
03580,0.0
01289,0.0
03659,0.0
00546,10.0
03504,0.0
01413,0.0
03991,0.0
04926,4.0
00650,0.0
03581,0.0
00633,0.0
03660,0.0
00547,0.0
01301,0.0
04135,0.0
03992,0.0
02606,0.0
01933,0.0
03573,0.0
00973,0.0
00786,0.0
03238,0.0
03794,0.0
04136,0.0
00794,0.0
02607,1.0
01934,0.0
03574,0.0
00974,0.0
00787,0.0
00136,0.0
01290,0.0
04137,0.0
00795,0.0
02608,0.0
01935,0.0
03575,0.0
02917,0.0
00821,0.0
00350,0.0
01890,0.0
04576,0.0
00682,0.0
02609,0.0
01936,0.0
03576,0.0
00969,0.0
